PROVINCIA,date,cases
ABANCAY,2020-04-01,96.81505609844372
ABANCAY,2020-05-01,65.14657980456026
ABANCAY,2020-06-01,119.43539630836048
ABANCAY,2020-07-01,217.15526601520088
ABANCAY,2020-08-01,1018.8201230546508
ABANCAY,2020-09-01,1002.5334781035108
ABANCAY,2020-10-01,513.0293159609121
ABANCAY,2020-11-01,297.6836771625045
ABANCAY,2020-12-01,524.7918928700688
ABANCAY,2020-03-01,0
ACOBAMBA,2020-04-01,109.92462311557787
ACOBAMBA,2020-05-01,225.08375209380233
ACOBAMBA,2020-06-01,201.5284757118928
ACOBAMBA,2020-07-01,177.97319932998326
ACOBAMBA,2020-08-01,468.4882747068677
ACOBAMBA,2020-09-01,308.8358458961474
ACOBAMBA,2020-10-01,151.80067001675042
ACOBAMBA,2020-11-01,54.962311557788944
ACOBAMBA,2020-12-01,23.555276381909547
ACOBAMBA,2020-03-01,0
ACOMAYO,2020-04-01,0
ACOMAYO,2020-05-01,61.02877070619006
ACOMAYO,2020-06-01,43.59197907585004
ACOMAYO,2020-07-01,13.077593722755012
ACOMAYO,2020-08-01,191.8047079337402
ACOMAYO,2020-09-01,226.67829119442024
ACOMAYO,2020-10-01,34.873583260680036
ACOMAYO,2020-11-01,26.155187445510027
ACOMAYO,2020-12-01,17.436791630340018
ACOMAYO,2020-03-01,0
AIJA,2020-04-01,0
AIJA,2020-05-01,79.16402786573781
AIJA,2020-06-01,15.832805573147562
AIJA,2020-07-01,126.6624445851805
AIJA,2020-08-01,601.6466117796074
AIJA,2020-09-01,316.65611146295123
AIJA,2020-10-01,79.16402786573781
AIJA,2020-11-01,15.832805573147562
AIJA,2020-12-01,15.832805573147562
AIJA,2020-03-01,0
ALTO AMAZONAS,2020-04-01,0
ALTO AMAZONAS,2020-05-01,0
ALTO AMAZONAS,2020-06-01,0
ALTO AMAZONAS,2020-07-01,0
ALTO AMAZONAS,2020-08-01,0
ALTO AMAZONAS,2020-09-01,0
ALTO AMAZONAS,2020-10-01,0
ALTO AMAZONAS,2020-11-01,0
ALTO AMAZONAS,2020-12-01,0
ALTO AMAZONAS,2020-03-01,0
AMBO,2020-04-01,9.827044025157234
AMBO,2020-05-01,47.16981132075472
AMBO,2020-06-01,39.308176100628934
AMBO,2020-07-01,224.0566037735849
AMBO,2020-08-01,408.8050314465409
AMBO,2020-09-01,94.33962264150944
AMBO,2020-10-01,27.51572327044025
AMBO,2020-11-01,94.33962264150944
AMBO,2020-12-01,284.9842767295597
AMBO,2020-03-01,0
ANDAHUAYLAS,2020-04-01,30.18030980438948
ANDAHUAYLAS,2020-05-01,17.54669174673807
ANDAHUAYLAS,2020-06-01,58.25501659917039
ANDAHUAYLAS,2020-07-01,71.59050232669132
ANDAHUAYLAS,2020-08-01,328.47406949893667
ANDAHUAYLAS,2020-09-01,281.4489356176786
ANDAHUAYLAS,2020-10-01,127.73991591625315
ANDAHUAYLAS,2020-11-01,153.00715203155596
ANDAHUAYLAS,2020-12-01,209.8584332909873
ANDAHUAYLAS,2020-03-01,0
ANGARAES,2020-04-01,18.290080679578107
ANGARAES,2020-05-01,134.12725831690614
ANGARAES,2020-06-01,77.22478509155202
ANGARAES,2020-07-01,125.99833357042696
ANGARAES,2020-08-01,774.2800821021399
ANGARAES,2020-09-01,384.0916942711403
ANGARAES,2020-10-01,91.45040339789054
ANGARAES,2020-11-01,93.48263458451034
ANGARAES,2020-12-01,54.870242038734325
ANGARAES,2020-03-01,0
ANTA,2020-04-01,7.116677934740063
ANTA,2020-05-01,69.38760986371561
ANTA,2020-06-01,46.25840657581041
ANTA,2020-07-01,58.71259296160552
ANTA,2020-08-01,430.5590150517738
ANTA,2020-09-01,297.1213037753976
ANTA,2020-10-01,48.03757605949543
ANTA,2020-11-01,32.02505070633028
ANTA,2020-12-01,40.92089812475536
ANTA,2020-03-01,0
ANTABAMBA,2020-04-01,0
ANTABAMBA,2020-05-01,17.68346595932803
ANTABAMBA,2020-06-01,97.25906277630416
ANTABAMBA,2020-07-01,26.52519893899204
ANTABAMBA,2020-08-01,150.30946065428824
ANTABAMBA,2020-09-01,221.04332449160032
ANTABAMBA,2020-10-01,309.4606542882405
ANTABAMBA,2020-11-01,79.57559681697613
ANTABAMBA,2020-12-01,79.57559681697613
ANTABAMBA,2020-03-01,0
ANTONIO RAIMONDI,2020-04-01,0
ANTONIO RAIMONDI,2020-05-01,0
ANTONIO RAIMONDI,2020-06-01,0
ANTONIO RAIMONDI,2020-07-01,0
ANTONIO RAIMONDI,2020-08-01,0
ANTONIO RAIMONDI,2020-09-01,0
ANTONIO RAIMONDI,2020-10-01,0
ANTONIO RAIMONDI,2020-11-01,0
ANTONIO RAIMONDI,2020-12-01,0
ANTONIO RAIMONDI,2020-03-01,0
AREQUIPA,2020-04-01,65.70211033327627
AREQUIPA,2020-05-01,234.3066807941627
AREQUIPA,2020-06-01,292.69827462556736
AREQUIPA,2020-07-01,659.9823252069385
AREQUIPA,2020-08-01,1518.2739778000898
AREQUIPA,2020-09-01,648.6001286280751
AREQUIPA,2020-10-01,184.9838289524215
AREQUIPA,2020-11-01,93.92625632151469
AREQUIPA,2020-12-01,134.73559527500035
AREQUIPA,2020-03-01,2.2209164056318738
ASCOPE,2020-04-01,0
ASCOPE,2020-05-01,0
ASCOPE,2020-06-01,0
ASCOPE,2020-07-01,0
ASCOPE,2020-08-01,0
ASCOPE,2020-09-01,0
ASCOPE,2020-10-01,0
ASCOPE,2020-11-01,0
ASCOPE,2020-12-01,0
ASCOPE,2020-03-01,0
ASUNCION,2020-04-01,13.553808620222282
ASUNCION,2020-05-01,0
ASUNCION,2020-06-01,13.553808620222282
ASUNCION,2020-07-01,27.107617240444565
ASUNCION,2020-08-01,81.32285172133369
ASUNCION,2020-09-01,54.21523448088913
ASUNCION,2020-10-01,162.64570344266738
ASUNCION,2020-11-01,406.6142586066685
ASUNCION,2020-12-01,40.661425860666846
ASUNCION,2020-03-01,0
ATALAYA,2020-04-01,0
ATALAYA,2020-05-01,0
ATALAYA,2020-06-01,14.1918741383505
ATALAYA,2020-07-01,223.01516503122212
ATALAYA,2020-08-01,291.94712513178166
ATALAYA,2020-09-01,156.1106155218555
ATALAYA,2020-10-01,237.20703916957265
ATALAYA,2020-11-01,22.301516503122212
ATALAYA,2020-12-01,26.35633768550807
ATALAYA,2020-03-01,0
AYABACA,2020-04-01,12.574714763553446
AYABACA,2020-05-01,62.87357381776723
AYABACA,2020-06-01,148.38163420993067
AYABACA,2020-07-01,127.42377627067492
AYABACA,2020-08-01,208.7402650749872
AYABACA,2020-09-01,171.0161207843269
AYABACA,2020-10-01,68.74177404075884
AYABACA,2020-11-01,48.622230419073325
AYABACA,2020-12-01,25.149429527106893
AYABACA,2020-03-01,0
AYMARAES,2020-04-01,4.114041222693051
AYMARAES,2020-05-01,24.684247336158307
AYMARAES,2020-06-01,82.28082445386103
AYMARAES,2020-07-01,53.48253589500967
AYMARAES,2020-08-01,255.0705558069692
AYMARAES,2020-09-01,386.71987493314685
AYMARAES,2020-10-01,143.9914427942568
AYMARAES,2020-11-01,193.35993746657343
AYMARAES,2020-12-01,90.50890689924714
AYMARAES,2020-03-01,0
AZANGARO,2020-04-01,5.4351764620624685
AZANGARO,2020-05-01,6.341039205739547
AZANGARO,2020-06-01,17.211392129864482
AZANGARO,2020-07-01,43.48141169649975
AZANGARO,2020-08-01,327.01645046742516
AZANGARO,2020-09-01,246.39466628016524
AZANGARO,2020-10-01,89.68041162403073
AZANGARO,2020-11-01,64.31625480107255
AZANGARO,2020-12-01,38.95209797811436
AZANGARO,2020-03-01,0
BAGUA,2020-04-01,51.282051282051285
BAGUA,2020-05-01,237.51686909581647
BAGUA,2020-06-01,933.8731443994602
BAGUA,2020-07-01,2330.634278002699
BAGUA,2020-08-01,3345.479082321187
BAGUA,2020-09-01,2677.462887989204
BAGUA,2020-10-01,663.9676113360324
BAGUA,2020-11-01,371.1201079622133
BAGUA,2020-12-01,152.4966261808367
BAGUA,2020-03-01,0
BARRANCA,2020-04-01,31.86014780338133
BARRANCA,2020-05-01,110.12529349429634
BARRANCA,2020-06-01,444.65684542980034
BARRANCA,2020-07-01,899.702869491138
BARRANCA,2020-08-01,874.7688407754483
BARRANCA,2020-09-01,406.56319044749654
BARRANCA,2020-10-01,225.0988703499768
BARRANCA,2020-11-01,172.46036528352067
BARRANCA,2020-12-01,144.06327702398514
BARRANCA,2020-03-01,0.6926119087691593
BELLAVISTA,2020-04-01,0
BELLAVISTA,2020-05-01,0
BELLAVISTA,2020-06-01,0
BELLAVISTA,2020-07-01,0
BELLAVISTA,2020-08-01,0
BELLAVISTA,2020-09-01,0
BELLAVISTA,2020-10-01,0
BELLAVISTA,2020-11-01,0
BELLAVISTA,2020-12-01,0
BELLAVISTA,2020-03-01,0
BOLIVAR,2020-04-01,0
BOLIVAR,2020-05-01,0
BOLIVAR,2020-06-01,0
BOLIVAR,2020-07-01,0
BOLIVAR,2020-08-01,0
BOLIVAR,2020-09-01,0
BOLIVAR,2020-10-01,0
BOLIVAR,2020-11-01,0
BOLIVAR,2020-12-01,0
BOLIVAR,2020-03-01,0
BOLOGNESI,2020-04-01,12.606631087952264
BOLOGNESI,2020-05-01,16.808841450603015
BOLOGNESI,2020-06-01,71.43757616506282
BOLOGNESI,2020-07-01,100.8530487036181
BOLOGNESI,2020-08-01,260.5370424843468
BOLOGNESI,2020-09-01,218.5149388578392
BOLOGNESI,2020-10-01,159.68399378072866
BOLOGNESI,2020-11-01,75.63978652771358
BOLOGNESI,2020-12-01,92.4486279783166
BOLOGNESI,2020-03-01,0
BONGARA,2020-04-01,54.60857354604673
BONGARA,2020-05-01,35.10551156531575
BONGARA,2020-06-01,85.81347271521629
BONGARA,2020-07-01,222.33490658033313
BONGARA,2020-08-01,347.15450325701136
BONGARA,2020-09-01,432.9679759722276
BONGARA,2020-10-01,159.925108241994
BONGARA,2020-11-01,85.81347271521629
BONGARA,2020-12-01,81.91286031907009
BONGARA,2020-03-01,0
CAJABAMBA,2020-04-01,2.64246171733587
CAJABAMBA,2020-05-01,6.606154293339675
CAJABAMBA,2020-06-01,63.41908121606088
CAJABAMBA,2020-07-01,105.6984686934348
CAJABAMBA,2020-08-01,206.11201395219783
CAJABAMBA,2020-09-01,153.26277960548046
CAJABAMBA,2020-10-01,162.51139561615602
CAJABAMBA,2020-11-01,72.66769722673642
CAJABAMBA,2020-12-01,72.66769722673642
CAJABAMBA,2020-03-01,0
CAJAMARCA,2020-04-01,31.569914445531857
CAJAMARCA,2020-05-01,54.24285300186836
CAJAMARCA,2020-06-01,132.01964222676958
CAJAMARCA,2020-07-01,538.4105409074341
CAJAMARCA,2020-08-01,1026.5962179242497
CAJAMARCA,2020-09-01,491.9166669058327
CAJAMARCA,2020-10-01,139.76862122703648
CAJAMARCA,2020-11-01,119.39167644855682
CAJAMARCA,2020-12-01,101.88472389239826
CAJAMARCA,2020-03-01,0.2869992222321078
CAJATAMBO,2020-04-01,15.246226558926663
CAJATAMBO,2020-05-01,137.21603903034
CAJATAMBO,2020-06-01,45.738679676779995
CAJATAMBO,2020-07-01,106.72358591248666
CAJATAMBO,2020-08-01,106.72358591248666
CAJATAMBO,2020-09-01,45.738679676779995
CAJATAMBO,2020-10-01,0
CAJATAMBO,2020-11-01,60.98490623570666
CAJATAMBO,2020-12-01,15.246226558926663
CAJATAMBO,2020-03-01,0
CALCA,2020-04-01,4.750217718312089
CALCA,2020-05-01,31.668118122080596
CALCA,2020-06-01,20.584276779352383
CALCA,2020-07-01,39.585147652600746
CALCA,2020-08-01,207.4261736996279
CALCA,2020-09-01,112.42181933338613
CALCA,2020-10-01,47.50217718312089
CALCA,2020-11-01,30.08471221597657
CALCA,2020-12-01,20.584276779352383
CALCA,2020-03-01,0
CALLAO,2020-04-01,0
CALLAO,2020-05-01,0
CALLAO,2020-06-01,0
CALLAO,2020-07-01,0
CALLAO,2020-08-01,0
CALLAO,2020-09-01,0
CALLAO,2020-10-01,0
CALLAO,2020-11-01,0
CALLAO,2020-12-01,0
CALLAO,2020-03-01,0
CAMANA,2020-04-01,18.527876031665823
CAMANA,2020-05-01,42.108809162876874
CAMANA,2020-06-01,96.00808489135927
CAMANA,2020-07-01,225.70321711302003
CAMANA,2020-08-01,771.4333838639043
CAMANA,2020-09-01,424.45679636179887
CAMANA,2020-10-01,178.54135085059795
CAMANA,2020-11-01,272.86508337544217
CAMANA,2020-12-01,277.91814047498735
CAMANA,2020-03-01,0
CANAS,2020-04-01,6.1568772318679965
CANAS,2020-05-01,33.86282477527398
CANAS,2020-06-01,12.313754463735991
CANAS,2020-07-01,27.705947543405983
CANAS,2020-08-01,129.29442186922793
CANAS,2020-09-01,141.60817633296392
CANAS,2020-10-01,27.705947543405983
CANAS,2020-11-01,27.705947543405983
CANAS,2020-12-01,9.235315847801996
CANAS,2020-03-01,0
CANCHIS,2020-04-01,15.661870653830894
CANCHIS,2020-05-01,14.6177459435755
CANCHIS,2020-06-01,22.970743625618645
CANCHIS,2020-07-01,75.17697913838829
CANCHIS,2020-08-01,507.44460918412096
CANCHIS,2020-09-01,377.97314511245224
CANCHIS,2020-10-01,195.25132081775848
CANCHIS,2020-11-01,88.7506003717084
CANCHIS,2020-12-01,58.470983774302006
CANCHIS,2020-03-01,0
CANDARAVE,2020-04-01,0
CANDARAVE,2020-05-01,0
CANDARAVE,2020-06-01,0
CANDARAVE,2020-07-01,49.164208456243855
CANDARAVE,2020-08-01,655.5227794165847
CANDARAVE,2020-09-01,1425.762045231072
CANDARAVE,2020-10-01,0
CANDARAVE,2020-11-01,49.164208456243855
CANDARAVE,2020-12-01,0
CANDARAVE,2020-03-01,0
CANGALLO,2020-04-01,6.569654764642118
CANGALLO,2020-05-01,19.708964293926353
CANGALLO,2020-06-01,72.2662024110633
CANGALLO,2020-07-01,105.1144762342739
CANGALLO,2020-08-01,157.67171435141083
CANGALLO,2020-09-01,220.08343461551095
CANGALLO,2020-10-01,78.83585717570541
CANGALLO,2020-11-01,55.842065499458
CANGALLO,2020-12-01,29.563446440889532
CANGALLO,2020-03-01,0
CANTA,2020-04-01,86.59508139937651
CANTA,2020-05-01,337.7208174575684
CANTA,2020-06-01,917.907862833391
CANTA,2020-07-01,909.2483546934534
CANTA,2020-08-01,502.2514721163838
CANTA,2020-09-01,216.48770349844128
CANTA,2020-10-01,121.23311395912712
CANTA,2020-11-01,51.95704883962591
CANTA,2020-12-01,77.93557325943887
CANTA,2020-03-01,0
CAÑETE,2020-04-01,0
CAÑETE,2020-05-01,0
CAÑETE,2020-06-01,0
CAÑETE,2020-07-01,0
CAÑETE,2020-08-01,0
CAÑETE,2020-09-01,0
CAÑETE,2020-10-01,0
CAÑETE,2020-11-01,0
CAÑETE,2020-12-01,0
CAÑETE,2020-03-01,0
CARABAYA,2020-04-01,1.3638471400125474
CARABAYA,2020-05-01,9.546929980087832
CARABAYA,2020-06-01,24.549248520225852
CARABAYA,2020-07-01,39.55156706036387
CARABAYA,2020-08-01,215.4878481219825
CARABAYA,2020-09-01,197.75783530181937
CARABAYA,2020-10-01,80.4669812607403
CARABAYA,2020-11-01,88.65006410081558
CARABAYA,2020-12-01,72.28389842066501
CARABAYA,2020-03-01,0
CARAVELI,2020-04-01,19.348909205243555
CARAVELI,2020-05-01,285.39641077734245
CARAVELI,2020-06-01,159.62850094325933
CARAVELI,2020-07-01,123.34929618342764
CARAVELI,2020-08-01,348.280365694384
CARAVELI,2020-09-01,379.7223431529047
CARAVELI,2020-10-01,266.0475015720989
CARAVELI,2020-11-01,123.34929618342764
CARAVELI,2020-12-01,120.9306825327722
CARAVELI,2020-03-01,2.4186136506554443
CARHUAZ,2020-04-01,35.41076487252125
CARHUAZ,2020-05-01,30.98441926345609
CARHUAZ,2020-06-01,55.329320113314445
CARHUAZ,2020-07-01,68.60835694050992
CARHUAZ,2020-08-01,334.1890934844193
CARHUAZ,2020-09-01,391.7315864022663
CARHUAZ,2020-10-01,201.3987252124646
CARHUAZ,2020-11-01,64.18201133144476
CARHUAZ,2020-12-01,39.8371104815864
CARHUAZ,2020-03-01,0
CARLOS FERMIN FITZCARRALD,2020-04-01,0
CARLOS FERMIN FITZCARRALD,2020-05-01,0
CARLOS FERMIN FITZCARRALD,2020-06-01,0
CARLOS FERMIN FITZCARRALD,2020-07-01,0
CARLOS FERMIN FITZCARRALD,2020-08-01,0
CARLOS FERMIN FITZCARRALD,2020-09-01,0
CARLOS FERMIN FITZCARRALD,2020-10-01,0
CARLOS FERMIN FITZCARRALD,2020-11-01,0
CARLOS FERMIN FITZCARRALD,2020-12-01,0
CARLOS FERMIN FITZCARRALD,2020-03-01,0
CASMA,2020-04-01,78.44829276902861
CASMA,2020-05-01,133.36209770734865
CASMA,2020-06-01,351.05611014140305
CASMA,2020-07-01,300.06471984153444
CASMA,2020-08-01,376.55180529133736
CASMA,2020-09-01,198.08193924179724
CASMA,2020-10-01,225.53884171095729
CASMA,2020-11-01,115.7112318343172
CASMA,2020-12-01,35.30173174606288
CASMA,2020-03-01,0
CASTILLA,2020-04-01,8.920871866543758
CASTILLA,2020-05-01,47.57798328823337
CASTILLA,2020-06-01,95.15596657646674
CASTILLA,2020-07-01,196.25918106396264
CASTILLA,2020-08-01,454.9644651937316
CASTILLA,2020-09-01,398.4656100389545
CASTILLA,2020-10-01,193.28555710844807
CASTILLA,2020-11-01,157.60206964227305
CASTILLA,2020-12-01,115.97133426506883
CASTILLA,2020-03-01,0
CASTROVIRREYNA,2020-04-01,7.152052639107424
CASTROVIRREYNA,2020-05-01,164.49721069947074
CASTROVIRREYNA,2020-06-01,157.34515806036333
CASTROVIRREYNA,2020-07-01,228.86568445143757
CASTROVIRREYNA,2020-08-01,457.73136890287515
CASTROVIRREYNA,2020-09-01,200.25747389500788
CASTROVIRREYNA,2020-10-01,78.67257903018167
CASTROVIRREYNA,2020-11-01,71.52052639107424
CASTROVIRREYNA,2020-12-01,28.608210556429697
CASTROVIRREYNA,2020-03-01,0
CAYLLOMA,2020-04-01,25.35409295732445
CAYLLOMA,2020-05-01,51.86064468543638
CAYLLOMA,2020-06-01,102.56883060008528
CAYLLOMA,2020-07-01,379.1589355890793
CAYLLOMA,2020-08-01,767.5375413444584
CAYLLOMA,2020-09-01,434.4769565868781
CAYLLOMA,2020-10-01,117.55079462032246
CAYLLOMA,2020-11-01,80.67211395512325
CAYLLOMA,2020-12-01,89.89178412142306
CAYLLOMA,2020-03-01,0
CELENDIN,2020-04-01,7.586869657579283
CELENDIN,2020-05-01,39.198826564159624
CELENDIN,2020-06-01,32.87643518284356
CELENDIN,2020-07-01,91.0424358909514
CELENDIN,2020-08-01,108.7451317586364
CELENDIN,2020-09-01,144.15052349400636
CELENDIN,2020-10-01,30.34747863031713
CELENDIN,2020-11-01,39.198826564159624
CELENDIN,2020-12-01,42.99226139294927
CELENDIN,2020-03-01,0
CHACHAPOYAS,2020-04-01,106.29481497495766
CHACHAPOYAS,2020-05-01,326.0908730587684
CHACHAPOYAS,2020-06-01,228.8040932511801
CHACHAPOYAS,2020-07-01,344.106943393507
CHACHAPOYAS,2020-08-01,884.5890534356646
CHACHAPOYAS,2020-09-01,1075.5593989838935
CHACHAPOYAS,2020-10-01,589.1254999459518
CHACHAPOYAS,2020-11-01,212.58962994991532
CHACHAPOYAS,2020-12-01,120.70767124274852
CHACHAPOYAS,2020-03-01,0
CHANCHAMAYO,2020-04-01,34.32592465459538
CHANCHAMAYO,2020-05-01,165.68859785198924
CHANCHAMAYO,2020-06-01,273.94728330109774
CHANCHAMAYO,2020-07-01,360.4222088732515
CHANCHAMAYO,2020-08-01,522.8102370469143
CHANCHAMAYO,2020-09-01,357.121639194925
CHANCHAMAYO,2020-10-01,314.2142333766808
CHANCHAMAYO,2020-11-01,246.88261193882065
CHANCHAMAYO,2020-12-01,299.031612856379
CHANCHAMAYO,2020-03-01,0
CHEPEN,2020-04-01,0
CHEPEN,2020-05-01,0
CHEPEN,2020-06-01,0
CHEPEN,2020-07-01,0
CHEPEN,2020-08-01,0
CHEPEN,2020-09-01,0
CHEPEN,2020-10-01,0
CHEPEN,2020-11-01,0
CHEPEN,2020-12-01,0
CHEPEN,2020-03-01,0
CHICLAYO,2020-04-01,275.11176415418765
CHICLAYO,2020-05-01,493.70056585487856
CHICLAYO,2020-06-01,408.9161221746335
CHICLAYO,2020-07-01,312.5019539187795
CHICLAYO,2020-08-01,406.9153093444212
CHICLAYO,2020-09-01,347.8913308531591
CHICLAYO,2020-10-01,232.46944071028855
CHICLAYO,2020-11-01,181.32366273798732
CHICLAYO,2020-12-01,216.21283646481385
CHICLAYO,2020-03-01,2.8761684434301436
CHINCHA,2020-04-01,69.87656614170791
CHINCHA,2020-05-01,482.0598550282381
CHINCHA,2020-06-01,342.30672274482225
CHINCHA,2020-07-01,432.5270992822173
CHINCHA,2020-08-01,622.2552440593862
CHINCHA,2020-09-01,399.800099950025
CHINCHA,2020-10-01,78.27944434862215
CHINCHA,2020-11-01,57.935633952935035
CHINCHA,2020-12-01,89.33586304193037
CHINCHA,2020-03-01,0.44225674773232854
CHINCHEROS,2020-04-01,2.2100912767697305
CHINCHEROS,2020-05-01,26.521095321236768
CHINCHEROS,2020-06-01,101.6641987314076
CHINCHEROS,2020-07-01,35.36146042831569
CHINCHEROS,2020-08-01,238.6898578911309
CHINCHEROS,2020-09-01,103.87429000817734
CHINCHEROS,2020-10-01,88.40365107078922
CHINCHEROS,2020-11-01,79.5632859637103
CHINCHEROS,2020-12-01,81.77337724048003
CHINCHEROS,2020-03-01,0
CHOTA,2020-04-01,19.58261064175013
CHOTA,2020-05-01,10.490684272366138
CHOTA,2020-06-01,51.054663458848545
CHOTA,2020-07-01,62.94410563419683
CHOTA,2020-08-01,217.50685391372463
CHOTA,2020-09-01,130.7838639288312
CHOTA,2020-10-01,87.42236893638449
CHOTA,2020-11-01,60.845968779723606
CHOTA,2020-12-01,60.14658982823253
CHOTA,2020-03-01,0
CHUCUITO,2020-04-01,21.347834880115055
CHUCUITO,2020-05-01,11.235702568481608
CHUCUITO,2020-06-01,10.112132311633449
CHUCUITO,2020-07-01,105.61560414372713
CHUCUITO,2020-08-01,266.2861508730141
CHUCUITO,2020-09-01,161.79411698613515
CHUCUITO,2020-10-01,83.1441990067639
CHUCUITO,2020-11-01,70.78492618143413
CHUCUITO,2020-12-01,35.95424821914114
CHUCUITO,2020-03-01,0
CHUMBIVILCAS,2020-04-01,4.517391959042313
CHUMBIVILCAS,2020-05-01,25.598554434573103
CHUMBIVILCAS,2020-06-01,3.011594639361542
CHUMBIVILCAS,2020-07-01,13.552175877126938
CHUMBIVILCAS,2020-08-01,165.6377051648848
CHUMBIVILCAS,2020-09-01,88.84204186116548
CHUMBIVILCAS,2020-10-01,52.70290618882699
CHUMBIVILCAS,2020-11-01,24.092757114892336
CHUMBIVILCAS,2020-12-01,93.3594338202078
CHUMBIVILCAS,2020-03-01,0
CHUPACA,2020-04-01,86.81210840190232
CHUPACA,2020-05-01,205.70695251755112
CHUPACA,2020-06-01,133.99260209858835
CHUPACA,2020-07-01,530.3087491507512
CHUPACA,2020-08-01,824.715029818072
CHUPACA,2020-09-01,522.7598701592814
CHUPACA,2020-10-01,392.54170755642787
CHUPACA,2020-11-01,226.46636974409304
CHUPACA,2020-12-01,303.8423794066581
CHUPACA,2020-03-01,0
CHURCAMPA,2020-04-01,21.51330751736431
CHURCAMPA,2020-05-01,39.953285389390864
CHURCAMPA,2020-06-01,67.6132521974307
CHURCAMPA,2020-07-01,107.56653758682155
CHURCAMPA,2020-08-01,298.1129755977626
CHURCAMPA,2020-09-01,316.55295346978914
CHURCAMPA,2020-10-01,101.41987829614604
CHURCAMPA,2020-11-01,107.56653758682155
CHURCAMPA,2020-12-01,36.879955744053106
CHURCAMPA,2020-03-01,0
CONCEPCION,2020-04-01,16.18967098990844
CONCEPCION,2020-05-01,50.36786530193736
CONCEPCION,2020-06-01,88.14376427839039
CONCEPCION,2020-07-01,266.2301451673832
CONCEPCION,2020-08-01,359.77046644240977
CONCEPCION,2020-09-01,345.37964778471337
CONCEPCION,2020-10-01,106.13228760051088
CONCEPCION,2020-11-01,46.770160637513264
CONCEPCION,2020-12-01,46.770160637513264
CONCEPCION,2020-03-01,0
CONDESUYOS,2020-04-01,0
CONDESUYOS,2020-05-01,12.408487405385284
CONDESUYOS,2020-06-01,24.816974810770567
CONDESUYOS,2020-07-01,105.4721429457749
CONDESUYOS,2020-08-01,310.2121851346321
CONDESUYOS,2020-09-01,198.53579848616457
CONDESUYOS,2020-10-01,614.2201265665715
CONDESUYOS,2020-11-01,235.7612607023204
CONDESUYOS,2020-12-01,192.3315547834719
CONDESUYOS,2020-03-01,0
CONDORCANQUI,2020-04-01,0
CONDORCANQUI,2020-05-01,7.063809748057452
CONDORCANQUI,2020-06-01,445.0200141276195
CONDORCANQUI,2020-07-01,2500.588650812338
CONDORCANQUI,2020-08-01,2286.319755121262
CONDORCANQUI,2020-09-01,1083.1174947021427
CONDORCANQUI,2020-10-01,1045.443842712503
CONDORCANQUI,2020-11-01,529.785731104309
CONDORCANQUI,2020-12-01,221.33270543913352
CONDORCANQUI,2020-03-01,0
CONTRALMIRANTE VILLAR,2020-04-01,0
CONTRALMIRANTE VILLAR,2020-05-01,0
CONTRALMIRANTE VILLAR,2020-06-01,0
CONTRALMIRANTE VILLAR,2020-07-01,0
CONTRALMIRANTE VILLAR,2020-08-01,0
CONTRALMIRANTE VILLAR,2020-09-01,0
CONTRALMIRANTE VILLAR,2020-10-01,0
CONTRALMIRANTE VILLAR,2020-11-01,0
CONTRALMIRANTE VILLAR,2020-12-01,0
CONTRALMIRANTE VILLAR,2020-03-01,0
CONTUMAZA,2020-04-01,14.444083342360884
CONTUMAZA,2020-05-01,32.49918752031199
CONTUMAZA,2020-06-01,68.60939587621421
CONTUMAZA,2020-07-01,97.49756256093598
CONTUMAZA,2020-08-01,335.8249377098906
CONTUMAZA,2020-09-01,104.71960423211642
CONTUMAZA,2020-10-01,72.22041671180443
CONTUMAZA,2020-11-01,28.88816668472177
CONTUMAZA,2020-12-01,46.943270862672875
CONTUMAZA,2020-03-01,0
CORONEL PORTILLO,2020-04-01,0
CORONEL PORTILLO,2020-05-01,0
CORONEL PORTILLO,2020-06-01,0
CORONEL PORTILLO,2020-07-01,0
CORONEL PORTILLO,2020-08-01,0
CORONEL PORTILLO,2020-09-01,0
CORONEL PORTILLO,2020-10-01,0
CORONEL PORTILLO,2020-11-01,0
CORONEL PORTILLO,2020-12-01,0
CORONEL PORTILLO,2020-03-01,0
CORONGO,2020-04-01,0
CORONGO,2020-05-01,26.55337227827934
CORONGO,2020-06-01,39.83005841741901
CORONGO,2020-07-01,199.15029208709507
CORONGO,2020-08-01,39.83005841741901
CORONGO,2020-09-01,79.66011683483802
CORONGO,2020-10-01,13.27668613913967
CORONGO,2020-11-01,39.83005841741901
CORONGO,2020-12-01,53.10674455655868
CORONGO,2020-03-01,0
COTABAMBAS,2020-04-01,1.9740998104864185
COTABAMBAS,2020-05-01,17.766898294377764
COTABAMBAS,2020-06-01,37.50789639924194
COTABAMBAS,2020-07-01,69.09349336702464
COTABAMBAS,2020-08-01,444.1724573594441
COTABAMBAS,2020-09-01,268.47757422615285
COTABAMBAS,2020-10-01,189.51358180669615
COTABAMBAS,2020-11-01,71.06759317751106
COTABAMBAS,2020-12-01,102.65319014529376
COTABAMBAS,2020-03-01,0
CUSCO,2020-04-01,41.33265413728697
CUSCO,2020-05-01,128.0195179495429
CUSCO,2020-06-01,80.20769100154607
CUSCO,2020-07-01,465.60676336273536
CUSCO,2020-08-01,1793.613769806161
CUSCO,2020-09-01,705.3361573589998
CUSCO,2020-10-01,175.16108564125938
CUSCO,2020-11-01,158.85144373843804
CUSCO,2020-12-01,167.78823382217575
CUSCO,2020-03-01,3.798135785588532
CUTERVO,2020-04-01,2.485027708058945
CUTERVO,2020-05-01,9.94011083223578
CUTERVO,2020-06-01,61.29735013212064
CUTERVO,2020-07-01,48.04386902247293
CUTERVO,2020-08-01,173.95193956412615
CUTERVO,2020-09-01,128.39309824971215
CUTERVO,2020-10-01,111.82624686265252
CUTERVO,2020-11-01,87.80431235141606
CUTERVO,2020-12-01,99.4011083223578
CUTERVO,2020-03-01,0
DANIEL ALCIDES CARRION,2020-04-01,0
DANIEL ALCIDES CARRION,2020-05-01,0
DANIEL ALCIDES CARRION,2020-06-01,0
DANIEL ALCIDES CARRION,2020-07-01,0
DANIEL ALCIDES CARRION,2020-08-01,0
DANIEL ALCIDES CARRION,2020-09-01,0
DANIEL ALCIDES CARRION,2020-10-01,0
DANIEL ALCIDES CARRION,2020-11-01,0
DANIEL ALCIDES CARRION,2020-12-01,0
DANIEL ALCIDES CARRION,2020-03-01,0
DATEM DEL MARAÑON,2020-04-01,0
DATEM DEL MARAÑON,2020-05-01,0
DATEM DEL MARAÑON,2020-06-01,0
DATEM DEL MARAÑON,2020-07-01,0
DATEM DEL MARAÑON,2020-08-01,0
DATEM DEL MARAÑON,2020-09-01,0
DATEM DEL MARAÑON,2020-10-01,0
DATEM DEL MARAÑON,2020-11-01,0
DATEM DEL MARAÑON,2020-12-01,0
DATEM DEL MARAÑON,2020-03-01,0
DOS DE MAYO,2020-04-01,0
DOS DE MAYO,2020-05-01,0
DOS DE MAYO,2020-06-01,0
DOS DE MAYO,2020-07-01,0
DOS DE MAYO,2020-08-01,0
DOS DE MAYO,2020-09-01,0
DOS DE MAYO,2020-10-01,0
DOS DE MAYO,2020-11-01,0
DOS DE MAYO,2020-12-01,0
DOS DE MAYO,2020-03-01,0
EL COLLAO,2020-04-01,0
EL COLLAO,2020-05-01,0
EL COLLAO,2020-06-01,0
EL COLLAO,2020-07-01,0
EL COLLAO,2020-08-01,0
EL COLLAO,2020-09-01,0
EL COLLAO,2020-10-01,0
EL COLLAO,2020-11-01,0
EL COLLAO,2020-12-01,0
EL COLLAO,2020-03-01,0
EL DORADO,2020-04-01,0
EL DORADO,2020-05-01,0
EL DORADO,2020-06-01,0
EL DORADO,2020-07-01,0
EL DORADO,2020-08-01,0
EL DORADO,2020-09-01,0
EL DORADO,2020-10-01,0
EL DORADO,2020-11-01,0
EL DORADO,2020-12-01,0
EL DORADO,2020-03-01,0
ESPINAR,2020-04-01,12.156576707999028
ESPINAR,2020-05-01,50.36296064742454
ESPINAR,2020-06-01,34.73307630856865
ESPINAR,2020-07-01,19.103191969712757
ESPINAR,2020-08-01,166.71876628112952
ESPINAR,2020-09-01,307.38772533083255
ESPINAR,2020-10-01,616.5121044770935
ESPINAR,2020-11-01,126.77572852627556
ESPINAR,2020-12-01,158.03549720398735
ESPINAR,2020-03-01,0
FERREÑAFE,2020-04-01,0
FERREÑAFE,2020-05-01,0
FERREÑAFE,2020-06-01,0
FERREÑAFE,2020-07-01,0
FERREÑAFE,2020-08-01,0
FERREÑAFE,2020-09-01,0
FERREÑAFE,2020-10-01,0
FERREÑAFE,2020-11-01,0
FERREÑAFE,2020-12-01,0
FERREÑAFE,2020-03-01,0
GENERAL SANCHEZ CERRO,2020-04-01,0
GENERAL SANCHEZ CERRO,2020-05-01,0
GENERAL SANCHEZ CERRO,2020-06-01,0
GENERAL SANCHEZ CERRO,2020-07-01,0
GENERAL SANCHEZ CERRO,2020-08-01,0
GENERAL SANCHEZ CERRO,2020-09-01,0
GENERAL SANCHEZ CERRO,2020-10-01,0
GENERAL SANCHEZ CERRO,2020-11-01,0
GENERAL SANCHEZ CERRO,2020-12-01,0
GENERAL SANCHEZ CERRO,2020-03-01,0
GRAN CHIMU,2020-04-01,0
GRAN CHIMU,2020-05-01,0
GRAN CHIMU,2020-06-01,0
GRAN CHIMU,2020-07-01,0
GRAN CHIMU,2020-08-01,0
GRAN CHIMU,2020-09-01,0
GRAN CHIMU,2020-10-01,0
GRAN CHIMU,2020-11-01,0
GRAN CHIMU,2020-12-01,0
GRAN CHIMU,2020-03-01,0
GRAU,2020-04-01,9.415309292910273
GRAU,2020-05-01,14.122963939365407
GRAU,2020-06-01,70.61481969682704
GRAU,2020-07-01,9.415309292910273
GRAU,2020-08-01,136.52198474719896
GRAU,2020-09-01,141.22963939365408
GRAU,2020-10-01,32.95358252518595
GRAU,2020-11-01,18.830618585820545
GRAU,2020-12-01,164.76791262592977
GRAU,2020-03-01,0
HUACAYBAMBA,2020-04-01,0
HUACAYBAMBA,2020-05-01,18.1257930034439
HUACAYBAMBA,2020-06-01,12.083862002295934
HUACAYBAMBA,2020-07-01,12.083862002295934
HUACAYBAMBA,2020-08-01,157.09020602984714
HUACAYBAMBA,2020-09-01,271.8868950516585
HUACAYBAMBA,2020-10-01,223.55144704247476
HUACAYBAMBA,2020-11-01,132.92248202525528
HUACAYBAMBA,2020-12-01,138.96441302640324
HUACAYBAMBA,2020-03-01,0
HUALGAYOC,2020-04-01,33.3572821512881
HUALGAYOC,2020-05-01,38.48917171302474
HUALGAYOC,2020-06-01,48.752950836498
HUALGAYOC,2020-07-01,141.12696294775736
HUALGAYOC,2020-08-01,592.7332443805809
HUALGAYOC,2020-09-01,260.44339525813405
HUALGAYOC,2020-10-01,166.78641075644052
HUALGAYOC,2020-11-01,120.59940470081084
HUALGAYOC,2020-12-01,124.44832187211333
HUALGAYOC,2020-03-01,0
HUALLAGA,2020-04-01,0
HUALLAGA,2020-05-01,0
HUALLAGA,2020-06-01,0
HUALLAGA,2020-07-01,0
HUALLAGA,2020-08-01,0
HUALLAGA,2020-09-01,0
HUALLAGA,2020-10-01,0
HUALLAGA,2020-11-01,0
HUALLAGA,2020-12-01,0
HUALLAGA,2020-03-01,0
HUAMALIES,2020-04-01,122.98468456350044
HUAMALIES,2020-05-01,92.23851342262536
HUAMALIES,2020-06-01,55.72743519283614
HUAMALIES,2020-07-01,167.18230557850842
HUAMALIES,2020-08-01,247.8910048233056
HUAMALIES,2020-09-01,157.57412709698497
HUAMALIES,2020-10-01,71.10052076327369
HUAMALIES,2020-11-01,48.04089240761736
HUAMALIES,2020-12-01,122.98468456350044
HUAMALIES,2020-03-01,0
HUAMANGA,2020-04-01,38.625909835078
HUAMANGA,2020-05-01,181.78983252655976
HUAMANGA,2020-06-01,294.1239005790343
HUAMANGA,2020-07-01,678.6111682034345
HUAMANGA,2020-08-01,1104.5592748251204
HUAMANGA,2020-09-01,662.664691666017
HUAMANGA,2020-10-01,262.5853136494752
HUAMANGA,2020-11-01,172.57631274938518
HUAMANGA,2020-12-01,135.7222336406869
HUAMANGA,2020-03-01,0.3543661452759449
HUANCA SANCOS,2020-04-01,0
HUANCA SANCOS,2020-05-01,0
HUANCA SANCOS,2020-06-01,0
HUANCA SANCOS,2020-07-01,0
HUANCA SANCOS,2020-08-01,0
HUANCA SANCOS,2020-09-01,0
HUANCA SANCOS,2020-10-01,0
HUANCA SANCOS,2020-11-01,0
HUANCA SANCOS,2020-12-01,0
HUANCA SANCOS,2020-03-01,0
HUANCABAMBA,2020-04-01,3.58741177209173
HUANCABAMBA,2020-05-01,22.42132357557331
HUANCABAMBA,2020-06-01,78.92305898601806
HUANCABAMBA,2020-07-01,74.4387942709034
HUANCABAMBA,2020-08-01,148.8775885418068
HUANCABAMBA,2020-09-01,71.74823544183461
HUANCABAMBA,2020-10-01,21.52447063255038
HUANCABAMBA,2020-11-01,12.555941202321057
HUANCABAMBA,2020-12-01,8.968529430229326
HUANCABAMBA,2020-03-01,0
HUANCANE,2020-04-01,13.876602313923437
HUANCANE,2020-05-01,31.22235520632773
HUANCANE,2020-06-01,17.345752892404295
HUANCANE,2020-07-01,57.24098454493417
HUANCANE,2020-08-01,315.69270264175816
HUANCANE,2020-09-01,253.2479922291027
HUANCANE,2020-10-01,149.17347487467694
HUANCANE,2020-11-01,86.72876446202147
HUANCANE,2020-12-01,67.64843628037676
HUANCANE,2020-03-01,0
HUANCAVELICA,2020-04-01,58.23352512733151
HUANCAVELICA,2020-05-01,152.1024910042241
HUANCAVELICA,2020-06-01,119.07452152902115
HUANCAVELICA,2020-07-01,484.120499939159
HUANCAVELICA,2020-08-01,1660.0900446746746
HUANCAVELICA,2020-09-01,908.269160568081
HUANCAVELICA,2020-10-01,126.89693535209554
HUANCAVELICA,2020-11-01,125.15862116919013
HUANCAVELICA,2020-12-01,101.69137969996696
HUANCAVELICA,2020-03-01,0.8691570914527091
HUANCAYO,2020-04-01,45.086736984870285
HUANCAYO,2020-05-01,113.63323955536411
HUANCAYO,2020-06-01,214.2536403874527
HUANCAYO,2020-07-01,450.6840904300652
HUANCAYO,2020-08-01,730.368483271171
HUANCAYO,2020-09-01,413.8449272838907
HUANCAYO,2020-10-01,226.53336143617753
HUANCAYO,2020-11-01,98.78760664571172
HUANCAYO,2020-12-01,193.90962491866975
HUANCAYO,2020-03-01,2.932470698202945
HUANTA,2020-04-01,8.941944425815393
HUANTA,2020-05-01,35.76777770326157
HUANTA,2020-06-01,36.885520756488496
HUANTA,2020-07-01,229.13732591151947
HUANTA,2020-08-01,679.5877763619699
HUANTA,2020-09-01,526.4569780698813
HUANTA,2020-10-01,441.50850602463504
HUANTA,2020-11-01,165.42597187758477
HUANTA,2020-12-01,44.709722129076965
HUANTA,2020-03-01,0
HUANUCO,2020-04-01,53.170277814701585
HUANUCO,2020-05-01,105.99972051520636
HUANUCO,2020-06-01,299.2532302647948
HUANUCO,2020-07-01,972.061745689288
HUANUCO,2020-08-01,1134.299260046967
HUANUCO,2020-09-01,656.7892650572433
HUANUCO,2020-10-01,191.89016929280123
HUANUCO,2020-11-01,201.09271737611496
HUANUCO,2020-12-01,285.9606608111194
HUANUCO,2020-03-01,1.7041755709840252
HUARAL,2020-04-01,81.56695559494938
HUARAL,2020-05-01,727.5772439069484
HUARAL,2020-06-01,681.3559690698104
HUARAL,2020-07-01,476.8948003784707
HUARAL,2020-08-01,1046.2321504312174
HUARAL,2020-09-01,302.88529510924536
HUARAL,2020-10-01,126.15689132018836
HUARAL,2020-11-01,66.88490358785849
HUARAL,2020-12-01,104.94948286550152
HUARAL,2020-03-01,2.1751188158653165
HUARAZ,2020-04-01,60.99941440562171
HUARAZ,2020-05-01,259.8575053679485
HUARAZ,2020-06-01,438.58578957642
HUARAZ,2020-07-01,813.7321881709936
HUARAZ,2020-08-01,1074.8096818270544
HUARAZ,2020-09-01,532.5248877610775
HUARAZ,2020-10-01,615.484091352723
HUARAZ,2020-11-01,146.3985945734921
HUARAZ,2020-12-01,121.3888346671872
HUARAZ,2020-03-01,0.6099941440562171
HUARI,2020-04-01,47.68879653915591
HUARI,2020-05-01,68.12685219879415
HUARI,2020-06-01,28.95391218448751
HUARI,2020-07-01,27.25074087951766
HUARI,2020-08-01,131.14419048267874
HUARI,2020-09-01,37.46976870933678
HUARI,2020-10-01,39.17294001430664
HUARI,2020-11-01,42.579282624246346
HUARI,2020-12-01,42.579282624246346
HUARI,2020-03-01,0
HUARMEY,2020-04-01,22.905759162303664
HUARMEY,2020-05-01,124.3455497382199
HUARMEY,2020-06-01,294.5026178010471
HUARMEY,2020-07-01,1043.848167539267
HUARMEY,2020-08-01,1515.0523560209424
HUARMEY,2020-09-01,1040.5759162303666
HUARMEY,2020-10-01,494.109947643979
HUARMEY,2020-11-01,242.14659685863873
HUARMEY,2020-12-01,261.78010471204186
HUARMEY,2020-03-01,0
HUAROCHIRI,2020-04-01,87.71175509502106
HUAROCHIRI,2020-05-01,474.6753805142317
HUAROCHIRI,2020-06-01,318.17009201135096
HUAROCHIRI,2020-07-01,447.1579671510878
HUAROCHIRI,2020-08-01,827.2422392295124
HUAROCHIRI,2020-09-01,275.1741336314386
HUAROCHIRI,2020-10-01,96.31094677100351
HUAROCHIRI,2020-11-01,77.39272508384212
HUAROCHIRI,2020-12-01,61.914180067073694
HUAROCHIRI,2020-03-01,0
HUAURA,2020-04-01,91.35428333003932
HUAURA,2020-05-01,272.30603684915565
HUAURA,2020-06-01,666.2713837099501
HUAURA,2020-07-01,744.0103651975317
HUAURA,2020-08-01,734.7870962074796
HUAURA,2020-09-01,366.734743175879
HUAURA,2020-10-01,190.61422579440895
HUAURA,2020-11-01,84.32703076619013
HUAURA,2020-12-01,84.32703076619013
HUAURA,2020-03-01,0.8784065704811472
HUAYLAS,2020-04-01,23.3763197880547
HUAYLAS,2020-05-01,38.960532980091166
HUAYLAS,2020-06-01,111.03751899325982
HUAYLAS,2020-07-01,257.1395176686017
HUAYLAS,2020-08-01,609.7323411384268
HUAYLAS,2020-09-01,492.8507421981533
HUAYLAS,2020-10-01,424.66980948299374
HUAYLAS,2020-11-01,255.19149101959715
HUAYLAS,2020-12-01,44.80461292710484
HUAYLAS,2020-03-01,0
HUAYTARA,2020-04-01,5.7981098161999185
HUAYTARA,2020-05-01,173.94329448599757
HUAYTARA,2020-06-01,92.7697570591987
HUAYTARA,2020-07-01,179.74140430219748
HUAYTARA,2020-08-01,417.46390676639413
HUAYTARA,2020-09-01,284.107380993796
HUAYTARA,2020-10-01,86.97164724299878
HUAYTARA,2020-11-01,115.96219632399836
HUAYTARA,2020-12-01,139.15463558879804
HUAYTARA,2020-03-01,0
ICA,2020-04-01,80.20045004201585
ICA,2020-05-01,238.04719566611072
ICA,2020-06-01,477.11605311619616
ICA,2020-07-01,785.4024964305692
ICA,2020-08-01,1142.9841208217226
ICA,2020-09-01,711.5874325383953
ICA,2020-10-01,164.23213177393689
ICA,2020-11-01,61.81053793047081
ICA,2020-12-01,136.13643271463198
ICA,2020-03-01,1.0216617839747242
ILO,2020-04-01,109.84741925544884
ILO,2020-05-01,290.6937802247853
ILO,2020-06-01,156.73351284009163
ILO,2020-07-01,1122.5870406837332
ILO,2020-08-01,1833.9160604964568
ILO,2020-09-01,1113.2098219668046
ILO,2020-10-01,467.521333172581
ILO,2020-11-01,521.1054401264585
ILO,2020-12-01,470.2005385202749
ILO,2020-03-01,0
ISLAY,2020-04-01,84.56009532228927
ISLAY,2020-05-01,119.15286159049852
ISLAY,2020-06-01,142.2147057693047
ISLAY,2020-07-01,553.4842602913479
ISLAY,2020-08-01,1541.2999192835457
ISLAY,2020-09-01,728.3699119806281
ISLAY,2020-10-01,99.93465810816004
ISLAY,2020-11-01,76.87281392935388
ISLAY,2020-12-01,71.10735288465234
ISLAY,2020-03-01,0
JAEN,2020-04-01,21.031968592260235
JAEN,2020-05-01,91.6778118124164
JAEN,2020-06-01,368.8683722334872
JAEN,2020-07-01,1374.088614694335
JAEN,2020-08-01,1399.4348332542388
JAEN,2020-09-01,512.8564649035765
JAEN,2020-10-01,256.69787307476594
JAEN,2020-11-01,156.3915613270633
JAEN,2020-12-01,146.68449889986627
JAEN,2020-03-01,0
JAUJA,2020-04-01,21.619803740226047
JAUJA,2020-05-01,66.06051142846847
JAUJA,2020-06-01,54.04950935056512
JAUJA,2020-07-01,160.94742784390502
JAUJA,2020-08-01,315.88935464885833
JAUJA,2020-09-01,129.71882244135628
JAUJA,2020-10-01,116.5067201556626
JAUJA,2020-11-01,70.86491225962982
JAUJA,2020-12-01,355.52566150593947
JAUJA,2020-03-01,0
JORGE BASADRE,2020-04-01,0
JORGE BASADRE,2020-05-01,0
JORGE BASADRE,2020-06-01,0
JORGE BASADRE,2020-07-01,0
JORGE BASADRE,2020-08-01,0
JORGE BASADRE,2020-09-01,0
JORGE BASADRE,2020-10-01,0
JORGE BASADRE,2020-11-01,0
JORGE BASADRE,2020-12-01,0
JORGE BASADRE,2020-03-01,0
JULCAN,2020-04-01,0
JULCAN,2020-05-01,0
JULCAN,2020-06-01,0
JULCAN,2020-07-01,0
JULCAN,2020-08-01,0
JULCAN,2020-09-01,0
JULCAN,2020-10-01,0
JULCAN,2020-11-01,0
JULCAN,2020-12-01,0
JULCAN,2020-03-01,0
JUNIN,2020-04-01,86.45657718410928
JUNIN,2020-05-01,427.96005706134093
JUNIN,2020-06-01,142.65335235378032
JUNIN,2020-07-01,177.235983227424
JUNIN,2020-08-01,544.6764362598884
JUNIN,2020-09-01,328.5349932996153
JUNIN,2020-10-01,95.1022349025202
JUNIN,2020-11-01,233.43275839709503
JUNIN,2020-12-01,332.85782215882074
JUNIN,2020-03-01,0
LA CONVENCION,2020-04-01,0
LA CONVENCION,2020-05-01,0
LA CONVENCION,2020-06-01,0
LA CONVENCION,2020-07-01,0
LA CONVENCION,2020-08-01,0
LA CONVENCION,2020-09-01,0
LA CONVENCION,2020-10-01,0
LA CONVENCION,2020-11-01,0
LA CONVENCION,2020-12-01,0
LA CONVENCION,2020-03-01,0
LA MAR,2020-04-01,0
LA MAR,2020-05-01,0
LA MAR,2020-06-01,0
LA MAR,2020-07-01,0
LA MAR,2020-08-01,0
LA MAR,2020-09-01,0
LA MAR,2020-10-01,0
LA MAR,2020-11-01,0
LA MAR,2020-12-01,0
LA MAR,2020-03-01,0
LA UNION,2020-04-01,0
LA UNION,2020-05-01,0
LA UNION,2020-06-01,0
LA UNION,2020-07-01,0
LA UNION,2020-08-01,0
LA UNION,2020-09-01,0
LA UNION,2020-10-01,0
LA UNION,2020-11-01,0
LA UNION,2020-12-01,0
LA UNION,2020-03-01,0
LAMAS,2020-04-01,0
LAMAS,2020-05-01,0
LAMAS,2020-06-01,0
LAMAS,2020-07-01,0
LAMAS,2020-08-01,0
LAMAS,2020-09-01,0
LAMAS,2020-10-01,0
LAMAS,2020-11-01,0
LAMAS,2020-12-01,0
LAMAS,2020-03-01,0
LAMBAYEQUE,2020-04-01,134.2572542226072
LAMBAYEQUE,2020-05-01,505.0471399540261
LAMBAYEQUE,2020-06-01,379.4516440683613
LAMBAYEQUE,2020-07-01,310.4907219242429
LAMBAYEQUE,2020-08-01,373.45504214278577
LAMBAYEQUE,2020-09-01,277.1762667821568
LAMBAYEQUE,2020-10-01,131.92524236266115
LAMBAYEQUE,2020-11-01,89.94902888363261
LAMBAYEQUE,2020-12-01,52.303694573075255
LAMBAYEQUE,2020-03-01,0.3331445514208615
LAMPA,2020-04-01,0
LAMPA,2020-05-01,29.371450949676913
LAMPA,2020-06-01,39.16193459956922
LAMPA,2020-07-01,26.92383003720384
LAMPA,2020-08-01,376.9336205208537
LAMPA,2020-09-01,499.3146661445075
LAMPA,2020-10-01,232.52398668494223
LAMPA,2020-11-01,119.93342471118072
LAMPA,2020-12-01,56.295280986880755
LAMPA,2020-03-01,0
LAURICOCHA,2020-04-01,21.14947390683657
LAURICOCHA,2020-05-01,15.862105430127423
LAURICOCHA,2020-06-01,42.29894781367314
LAURICOCHA,2020-07-01,79.31052715063713
LAURICOCHA,2020-08-01,74.02315867392798
LAURICOCHA,2020-09-01,47.58631629038228
LAURICOCHA,2020-10-01,15.862105430127423
LAURICOCHA,2020-11-01,5.287368476709142
LAURICOCHA,2020-12-01,10.574736953418284
LAURICOCHA,2020-03-01,0
LEONCIO PRADO,2020-04-01,0
LEONCIO PRADO,2020-05-01,0
LEONCIO PRADO,2020-06-01,0
LEONCIO PRADO,2020-07-01,0
LEONCIO PRADO,2020-08-01,0
LEONCIO PRADO,2020-09-01,0
LEONCIO PRADO,2020-10-01,0
LEONCIO PRADO,2020-11-01,0
LEONCIO PRADO,2020-12-01,0
LEONCIO PRADO,2020-03-01,0
LIMA,2020-04-01,307.42950357633737
LIMA,2020-05-01,824.2707208208444
LIMA,2020-06-01,569.0163025567191
LIMA,2020-07-01,569.9375881489553
LIMA,2020-08-01,890.2534281736598
LIMA,2020-09-01,577.9026268767695
LIMA,2020-10-01,340.04767827867465
LIMA,2020-11-01,175.83726784477713
LIMA,2020-12-01,176.2804178764857
LIMA,2020-03-01,10.332392844573056
LORETO,2020-04-01,54.45489052965389
LORETO,2020-05-01,361.9648605794641
LORETO,2020-06-01,498.1020869035988
LORETO,2020-07-01,1090.699425020421
LORETO,2020-08-01,1566.3789099412209
LORETO,2020-09-01,789.5959126799814
LORETO,2020-10-01,281.88413921232603
LORETO,2020-11-01,270.6728382209267
LORETO,2020-12-01,280.28252478498325
LORETO,2020-03-01,0
LUCANAS,2020-04-01,37.016832917705734
LUCANAS,2020-05-01,50.65461346633416
LUCANAS,2020-06-01,70.13715710723191
LUCANAS,2020-07-01,134.4295511221945
LUCANAS,2020-08-01,467.5810473815461
LUCANAS,2020-09-01,366.2718204488778
LUCANAS,2020-10-01,144.17082294264338
LUCANAS,2020-11-01,105.20573566084788
LUCANAS,2020-12-01,124.68827930174564
LUCANAS,2020-03-01,0
LUYA,2020-04-01,0
LUYA,2020-05-01,49.509406787289585
LUYA,2020-06-01,243.04617877396703
LUYA,2020-07-01,105.77009631830047
LUYA,2020-08-01,337.56413718606535
LUYA,2020-09-01,153.02907552434962
LUYA,2020-10-01,67.51282743721308
LUYA,2020-11-01,38.257268881087406
LUYA,2020-12-01,31.5059861373661
LUYA,2020-03-01,0
MANU,2020-04-01,0
MANU,2020-05-01,0
MANU,2020-06-01,0
MANU,2020-07-01,0
MANU,2020-08-01,0
MANU,2020-09-01,0
MANU,2020-10-01,0
MANU,2020-11-01,0
MANU,2020-12-01,0
MANU,2020-03-01,0
MARAÑON,2020-04-01,0
MARAÑON,2020-05-01,0
MARAÑON,2020-06-01,0
MARAÑON,2020-07-01,0
MARAÑON,2020-08-01,0
MARAÑON,2020-09-01,0
MARAÑON,2020-10-01,0
MARAÑON,2020-11-01,0
MARAÑON,2020-12-01,0
MARAÑON,2020-03-01,0
MARISCAL CACERES,2020-04-01,0
MARISCAL CACERES,2020-05-01,0
MARISCAL CACERES,2020-06-01,0
MARISCAL CACERES,2020-07-01,0
MARISCAL CACERES,2020-08-01,0
MARISCAL CACERES,2020-09-01,0
MARISCAL CACERES,2020-10-01,0
MARISCAL CACERES,2020-11-01,0
MARISCAL CACERES,2020-12-01,0
MARISCAL CACERES,2020-03-01,0
MARISCAL LUZURIAGA,2020-04-01,0
MARISCAL LUZURIAGA,2020-05-01,0
MARISCAL LUZURIAGA,2020-06-01,0
MARISCAL LUZURIAGA,2020-07-01,0
MARISCAL LUZURIAGA,2020-08-01,0
MARISCAL LUZURIAGA,2020-09-01,0
MARISCAL LUZURIAGA,2020-10-01,0
MARISCAL LUZURIAGA,2020-11-01,0
MARISCAL LUZURIAGA,2020-12-01,0
MARISCAL LUZURIAGA,2020-03-01,0
MARISCAL NIETO,2020-04-01,0
MARISCAL NIETO,2020-05-01,0
MARISCAL NIETO,2020-06-01,0
MARISCAL NIETO,2020-07-01,0
MARISCAL NIETO,2020-08-01,0
MARISCAL NIETO,2020-09-01,0
MARISCAL NIETO,2020-10-01,0
MARISCAL NIETO,2020-11-01,0
MARISCAL NIETO,2020-12-01,0
MARISCAL NIETO,2020-03-01,0
MARISCAL RAMON CASTILLA,2020-04-01,0
MARISCAL RAMON CASTILLA,2020-05-01,0
MARISCAL RAMON CASTILLA,2020-06-01,0
MARISCAL RAMON CASTILLA,2020-07-01,0
MARISCAL RAMON CASTILLA,2020-08-01,0
MARISCAL RAMON CASTILLA,2020-09-01,0
MARISCAL RAMON CASTILLA,2020-10-01,0
MARISCAL RAMON CASTILLA,2020-11-01,0
MARISCAL RAMON CASTILLA,2020-12-01,0
MARISCAL RAMON CASTILLA,2020-03-01,0
MAYNAS,2020-04-01,282.16210358725147
MAYNAS,2020-05-01,646.4304618372629
MAYNAS,2020-06-01,477.4249477979269
MAYNAS,2020-07-01,251.94533473928135
MAYNAS,2020-08-01,406.7802261464659
MAYNAS,2020-09-01,267.5746979365073
MAYNAS,2020-10-01,159.8362876302968
MAYNAS,2020-11-01,122.32581595695466
MAYNAS,2020-12-01,111.072674454952
MAYNAS,2020-03-01,12.71188206707706
MELGAR,2020-04-01,4.468408352944681
MELGAR,2020-05-01,23.831511215704968
MELGAR,2020-06-01,70.00506419613333
MELGAR,2020-07-01,56.59983913729929
MELGAR,2020-08-01,408.1146295689475
MELGAR,2020-09-01,350.02532098066666
MELGAR,2020-10-01,81.92081980398582
MELGAR,2020-11-01,74.47347254907802
MELGAR,2020-12-01,35.747266823557446
MELGAR,2020-03-01,0
MOHO,2020-04-01,0
MOHO,2020-05-01,15.1875664456032
MOHO,2020-06-01,0
MOHO,2020-07-01,35.4376550397408
MOHO,2020-08-01,116.4380094162912
MOHO,2020-09-01,217.6884523869792
MOHO,2020-10-01,131.6255758618944
MOHO,2020-11-01,101.250442970688
MOHO,2020-12-01,30.3751328912064
MOHO,2020-03-01,0
MORROPON,2020-04-01,40.73395174878261
MORROPON,2020-05-01,154.2952717756917
MORROPON,2020-06-01,165.40453134354152
MORROPON,2020-07-01,239.46626179587352
MORROPON,2020-08-01,200.58385330839923
MORROPON,2020-09-01,156.146815037
MORROPON,2020-10-01,37.64804631326878
MORROPON,2020-11-01,35.79650305196048
MORROPON,2020-12-01,61.10092762317392
MORROPON,2020-03-01,0
MOYOBAMBA,2020-04-01,0
MOYOBAMBA,2020-05-01,0
MOYOBAMBA,2020-06-01,0
MOYOBAMBA,2020-07-01,0
MOYOBAMBA,2020-08-01,0
MOYOBAMBA,2020-09-01,0
MOYOBAMBA,2020-10-01,0
MOYOBAMBA,2020-11-01,0
MOYOBAMBA,2020-12-01,0
MOYOBAMBA,2020-03-01,0
"NAZCA",2020-04-01,95.43502465404804
"NAZCA",2020-05-01,510.43278337695386
"NAZCA",2020-06-01,469.945197160085
"NAZCA",2020-07-01,448.25541882961954
"NAZCA",2020-08-01,738.8984484578567
"NAZCA",2020-09-01,892.172881993146
"NAZCA",2020-10-01,231.35763552496493
"NAZCA",2020-11-01,78.08320198967567
"NAZCA",2020-12-01,53.50145321514814
"NAZCA",2020-03-01,0
OCROS,2020-04-01,0
OCROS,2020-05-01,28.41312686461145
OCROS,2020-06-01,71.03281716152863
OCROS,2020-07-01,198.89188805228017
OCROS,2020-08-01,397.78377610456033
OCROS,2020-09-01,213.0984514845859
OCROS,2020-10-01,170.4787611876687
OCROS,2020-11-01,56.8262537292229
OCROS,2020-12-01,42.61969029691718
OCROS,2020-03-01,0
OTUZCO,2020-04-01,0
OTUZCO,2020-05-01,0
OTUZCO,2020-06-01,0
OTUZCO,2020-07-01,0
OTUZCO,2020-08-01,0
OTUZCO,2020-09-01,0
OTUZCO,2020-10-01,0
OTUZCO,2020-11-01,0
OTUZCO,2020-12-01,0
OTUZCO,2020-03-01,0
OXAPAMPA,2020-04-01,40.01371898936778
OXAPAMPA,2020-05-01,166.91437064136275
OXAPAMPA,2020-06-01,181.7766091231279
OXAPAMPA,2020-07-01,177.2036126672002
OXAPAMPA,2020-08-01,397.8506916657139
OXAPAMPA,2020-09-01,251.51480507602608
OXAPAMPA,2020-10-01,230.9363210243512
OXAPAMPA,2020-11-01,276.6662855836287
OXAPAMPA,2020-12-01,146.3358865896879
OXAPAMPA,2020-03-01,0
OYON,2020-04-01,45.09837082135408
OYON,2020-05-01,50.73566717402334
OYON,2020-06-01,90.19674164270816
OYON,2020-07-01,16.91188905800778
OYON,2020-08-01,202.94266869609336
OYON,2020-09-01,118.38322340605446
OYON,2020-10-01,22.54918541067704
OYON,2020-11-01,22.54918541067704
OYON,2020-12-01,33.82377811601556
OYON,2020-03-01,0
PACASMAYO,2020-04-01,0
PACASMAYO,2020-05-01,0
PACASMAYO,2020-06-01,0
PACASMAYO,2020-07-01,0
PACASMAYO,2020-08-01,0
PACASMAYO,2020-09-01,0
PACASMAYO,2020-10-01,0
PACASMAYO,2020-11-01,0
PACASMAYO,2020-12-01,0
PACASMAYO,2020-03-01,0
PACHITEA,2020-04-01,16.27372403832462
PACHITEA,2020-05-01,24.41058605748693
PACHITEA,2020-06-01,48.82117211497386
PACHITEA,2020-07-01,120.01871478264408
PACHITEA,2020-08-01,262.4138001179845
PACHITEA,2020-09-01,164.77145588803677
PACHITEA,2020-10-01,34.58166358143982
PACHITEA,2020-11-01,50.85538761976443
PACHITEA,2020-12-01,54.92381862934559
PACHITEA,2020-03-01,0
PADRE ABAD,2020-04-01,0
PADRE ABAD,2020-05-01,0
PADRE ABAD,2020-06-01,0
PADRE ABAD,2020-07-01,0
PADRE ABAD,2020-08-01,0
PADRE ABAD,2020-09-01,0
PADRE ABAD,2020-10-01,0
PADRE ABAD,2020-11-01,0
PADRE ABAD,2020-12-01,0
PADRE ABAD,2020-03-01,0
PAITA,2020-04-01,91.61457210605734
PAITA,2020-05-01,360.29932559357
PAITA,2020-06-01,422.6588242539957
PAITA,2020-07-01,277.15332737966924
PAITA,2020-08-01,748.313983925107
PAITA,2020-09-01,873.8028515997906
PAITA,2020-10-01,167.8317371354664
PAITA,2020-11-01,87.76522033689527
PAITA,2020-12-01,182.45927385828227
PAITA,2020-03-01,0.7698703538324146
PALLASCA,2020-04-01,0
PALLASCA,2020-05-01,8.513898940019581
PALLASCA,2020-06-01,68.11119152015665
PALLASCA,2020-07-01,46.8264441701077
PALLASCA,2020-08-01,34.055595760078326
PALLASCA,2020-09-01,110.68068622025456
PALLASCA,2020-10-01,38.31254523008812
PALLASCA,2020-11-01,29.798646290068536
PALLASCA,2020-12-01,8.513898940019581
PALLASCA,2020-03-01,0
PALPA,2020-04-01,566.807738814994
PALPA,2020-05-01,1035.3688029020557
PALPA,2020-06-01,1005.1390568319226
PALPA,2020-07-01,1519.0447400241835
PALPA,2020-08-01,2153.869407496977
PALPA,2020-09-01,1677.750906892382
PALPA,2020-10-01,317.4123337363966
PALPA,2020-11-01,128.4764207980653
PALPA,2020-12-01,151.14873035066506
PALPA,2020-03-01,0
PARINACOCHAS,2020-04-01,25.30821793991106
PARINACOCHAS,2020-05-01,126.5410896995553
PARINACOCHAS,2020-06-01,155.46476734516793
PARINACOCHAS,2020-07-01,83.15557323113634
PARINACOCHAS,2020-08-01,574.8580932065512
PARINACOCHAS,2020-09-01,545.9344155609385
PARINACOCHAS,2020-10-01,766.477457608735
PARINACOCHAS,2020-11-01,296.4676958675295
PARINACOCHAS,2020-12-01,180.772985285079
PARINACOCHAS,2020-03-01,0
PARURO,2020-04-01,0
PARURO,2020-05-01,62.58067039543161
PARURO,2020-06-01,23.467751398286858
PARURO,2020-07-01,19.55645949857238
PARURO,2020-08-01,105.60488129229084
PARURO,2020-09-01,70.40325419486057
PARURO,2020-10-01,113.4274650917198
PARURO,2020-11-01,11.733875699143429
PARURO,2020-12-01,15.645167598857904
PARURO,2020-03-01,0
PASCO,2020-04-01,86.16835345283096
PASCO,2020-05-01,194.28524976628867
PASCO,2020-06-01,268.2599682965492
PASCO,2020-07-01,524.326301670528
PASCO,2020-08-01,1129.9435028248588
PASCO,2020-09-01,590.1719302524083
PASCO,2020-10-01,258.50506035849287
PASCO,2020-11-01,147.13652806568305
PASCO,2020-12-01,185.34325082307035
PASCO,2020-03-01,0.8129089948380279
PATAZ,2020-04-01,0
PATAZ,2020-05-01,0
PATAZ,2020-06-01,0
PATAZ,2020-07-01,0
PATAZ,2020-08-01,0
PATAZ,2020-09-01,0
PATAZ,2020-10-01,0
PATAZ,2020-11-01,0
PATAZ,2020-12-01,0
PATAZ,2020-03-01,0
PAUCAR DEL SARA SARA,2020-04-01,0
PAUCAR DEL SARA SARA,2020-05-01,0
PAUCAR DEL SARA SARA,2020-06-01,0
PAUCAR DEL SARA SARA,2020-07-01,0
PAUCAR DEL SARA SARA,2020-08-01,0
PAUCAR DEL SARA SARA,2020-09-01,0
PAUCAR DEL SARA SARA,2020-10-01,0
PAUCAR DEL SARA SARA,2020-11-01,0
PAUCAR DEL SARA SARA,2020-12-01,0
PAUCAR DEL SARA SARA,2020-03-01,0
PAUCARTAMBO,2020-04-01,2.3527197440240917
PAUCARTAMBO,2020-05-01,14.116318464144552
PAUCARTAMBO,2020-06-01,9.410878976096368
PAUCARTAMBO,2020-07-01,23.52719744024092
PAUCARTAMBO,2020-08-01,183.5121400338792
PAUCARTAMBO,2020-09-01,89.40335027291549
PAUCARTAMBO,2020-10-01,44.701675136457744
PAUCARTAMBO,2020-11-01,35.290796160361374
PAUCARTAMBO,2020-12-01,9.410878976096368
PAUCARTAMBO,2020-03-01,0
PICOTA,2020-04-01,0
PICOTA,2020-05-01,0
PICOTA,2020-06-01,0
PICOTA,2020-07-01,0
PICOTA,2020-08-01,0
PICOTA,2020-09-01,0
PICOTA,2020-10-01,0
PICOTA,2020-11-01,0
PICOTA,2020-12-01,0
PICOTA,2020-03-01,0
PISCO,2020-04-01,51.74335296927241
PISCO,2020-05-01,349.5993207026482
PISCO,2020-06-01,619.5934829910311
PISCO,2020-07-01,795.3882078225336
PISCO,2020-08-01,1120.4426046807832
PISCO,2020-09-01,618.2667303507934
PISCO,2020-10-01,160.53706946876824
PISCO,2020-11-01,55.72361088998567
PISCO,2020-12-01,90.21917953616727
PISCO,2020-03-01,0.663376320118877
PIURA,2020-04-01,160.38612772590736
PIURA,2020-05-01,456.8877835062509
PIURA,2020-06-01,452.008642335182
PIURA,2020-07-01,280.98848898002177
PIURA,2020-08-01,431.7414405476648
PIURA,2020-09-01,356.0521993041594
PIURA,2020-10-01,113.9717335088156
PIURA,2020-11-01,151.8789072225051
PIURA,2020-12-01,133.23808582534426
PIURA,2020-03-01,2.377017493597691
POMABAMBA,2020-04-01,64.53174155037509
POMABAMBA,2020-05-01,64.53174155037509
POMABAMBA,2020-06-01,181.49552311042993
POMABAMBA,2020-07-01,161.32935387593773
POMABAMBA,2020-08-01,330.72517544567233
POMABAMBA,2020-09-01,282.326369282891
POMABAMBA,2020-10-01,201.66169234492216
POMABAMBA,2020-11-01,92.7643784786642
POMABAMBA,2020-12-01,52.43204000967976
POMABAMBA,2020-03-01,0
PUERTO INCA,2020-04-01,0
PUERTO INCA,2020-05-01,0
PUERTO INCA,2020-06-01,0
PUERTO INCA,2020-07-01,0
PUERTO INCA,2020-08-01,0
PUERTO INCA,2020-09-01,0
PUERTO INCA,2020-10-01,0
PUERTO INCA,2020-11-01,0
PUERTO INCA,2020-12-01,0
PUERTO INCA,2020-03-01,0
PUNO,2020-04-01,53.304418344009406
PUNO,2020-05-01,39.18102544944281
PUNO,2020-06-01,41.914585364520214
PUNO,2020-07-01,273.8115848269201
PUNO,2020-08-01,949.0008838510392
PUNO,2020-09-01,1001.849708875869
PUNO,2020-10-01,232.35259278157943
PUNO,2020-11-01,95.67459702770918
PUNO,2020-12-01,88.3851039208361
PUNO,2020-03-01,0
PURUS,2020-04-01,0
PURUS,2020-05-01,0
PURUS,2020-06-01,0
PURUS,2020-07-01,769.2307692307693
PURUS,2020-08-01,664.3356643356643
PURUS,2020-09-01,4125.874125874126
PURUS,2020-10-01,5594.4055944055945
PURUS,2020-11-01,944.055944055944
PURUS,2020-12-01,0
PURUS,2020-03-01,0
PUTUMAYO,2020-04-01,12.853470437017997
PUTUMAYO,2020-05-01,64.26735218508998
PUTUMAYO,2020-06-01,1979.4344473007711
PUTUMAYO,2020-07-01,3701.7994858611823
PUTUMAYO,2020-08-01,4845.758354755784
PUTUMAYO,2020-09-01,668.3804627249357
PUTUMAYO,2020-10-01,218.5089974293059
PUTUMAYO,2020-11-01,2082.262210796915
PUTUMAYO,2020-12-01,1799.485861182519
PUTUMAYO,2020-03-01,0
QUISPICANCHI,2020-04-01,4.575088642342445
QUISPICANCHI,2020-05-01,17.15658240878417
QUISPICANCHI,2020-06-01,18.30035456936978
QUISPICANCHI,2020-07-01,66.33878531396546
QUISPICANCHI,2020-08-01,386.59499027793663
QUISPICANCHI,2020-09-01,164.70319112432804
QUISPICANCHI,2020-10-01,46.89465858401007
QUISPICANCHI,2020-11-01,57.188608029280566
QUISPICANCHI,2020-12-01,25.16298753288345
QUISPICANCHI,2020-03-01,0
RECUAY,2020-04-01,17.457084666860634
RECUAY,2020-05-01,116.38056444573756
RECUAY,2020-06-01,58.19028222286878
RECUAY,2020-07-01,244.39918533604887
RECUAY,2020-08-01,686.6453302298517
RECUAY,2020-09-01,337.50363689263895
RECUAY,2020-10-01,302.58946755891765
RECUAY,2020-11-01,81.46639511201629
RECUAY,2020-12-01,52.3712540005819
RECUAY,2020-03-01,0
REQUENA,2020-04-01,8.545401719334826
REQUENA,2020-05-01,73.4904547862795
REQUENA,2020-06-01,333.2706670540582
REQUENA,2020-07-01,121.34470441455451
REQUENA,2020-08-01,415.30652355967254
REQUENA,2020-09-01,661.4140930765155
REQUENA,2020-10-01,615.2689237921074
REQUENA,2020-11-01,321.30710464698944
REQUENA,2020-12-01,71.78137444241254
REQUENA,2020-03-01,0
RIOJA,2020-04-01,0
RIOJA,2020-05-01,0
RIOJA,2020-06-01,0
RIOJA,2020-07-01,0
RIOJA,2020-08-01,0
RIOJA,2020-09-01,0
RIOJA,2020-10-01,0
RIOJA,2020-11-01,0
RIOJA,2020-12-01,0
RIOJA,2020-03-01,0
RODRIGUEZ DE MENDOZA,2020-04-01,0
RODRIGUEZ DE MENDOZA,2020-05-01,0
RODRIGUEZ DE MENDOZA,2020-06-01,0
RODRIGUEZ DE MENDOZA,2020-07-01,0
RODRIGUEZ DE MENDOZA,2020-08-01,0
RODRIGUEZ DE MENDOZA,2020-09-01,0
RODRIGUEZ DE MENDOZA,2020-10-01,0
RODRIGUEZ DE MENDOZA,2020-11-01,0
RODRIGUEZ DE MENDOZA,2020-12-01,0
RODRIGUEZ DE MENDOZA,2020-03-01,0
SAN ANTONIO DE PUTINA,2020-04-01,0
SAN ANTONIO DE PUTINA,2020-05-01,0
SAN ANTONIO DE PUTINA,2020-06-01,0
SAN ANTONIO DE PUTINA,2020-07-01,0
SAN ANTONIO DE PUTINA,2020-08-01,0
SAN ANTONIO DE PUTINA,2020-09-01,0
SAN ANTONIO DE PUTINA,2020-10-01,0
SAN ANTONIO DE PUTINA,2020-11-01,0
SAN ANTONIO DE PUTINA,2020-12-01,0
SAN ANTONIO DE PUTINA,2020-03-01,0
SAN IGNACIO,2020-04-01,0
SAN IGNACIO,2020-05-01,0
SAN IGNACIO,2020-06-01,0
SAN IGNACIO,2020-07-01,0
SAN IGNACIO,2020-08-01,0
SAN IGNACIO,2020-09-01,0
SAN IGNACIO,2020-10-01,0
SAN IGNACIO,2020-11-01,0
SAN IGNACIO,2020-12-01,0
SAN IGNACIO,2020-03-01,0
SAN MARCOS,2020-04-01,0
SAN MARCOS,2020-05-01,0
SAN MARCOS,2020-06-01,0
SAN MARCOS,2020-07-01,0
SAN MARCOS,2020-08-01,0
SAN MARCOS,2020-09-01,0
SAN MARCOS,2020-10-01,0
SAN MARCOS,2020-11-01,0
SAN MARCOS,2020-12-01,0
SAN MARCOS,2020-03-01,0
SAN MARTIN,2020-04-01,0
SAN MARTIN,2020-05-01,0
SAN MARTIN,2020-06-01,0
SAN MARTIN,2020-07-01,0
SAN MARTIN,2020-08-01,0
SAN MARTIN,2020-09-01,0
SAN MARTIN,2020-10-01,0
SAN MARTIN,2020-11-01,0
SAN MARTIN,2020-12-01,0
SAN MARTIN,2020-03-01,0
SAN MIGUEL,2020-04-01,0
SAN MIGUEL,2020-05-01,0
SAN MIGUEL,2020-06-01,0
SAN MIGUEL,2020-07-01,0
SAN MIGUEL,2020-08-01,0
SAN MIGUEL,2020-09-01,0
SAN MIGUEL,2020-10-01,0
SAN MIGUEL,2020-11-01,0
SAN MIGUEL,2020-12-01,0
SAN MIGUEL,2020-03-01,0
SAN PABLO,2020-04-01,0
SAN PABLO,2020-05-01,0
SAN PABLO,2020-06-01,0
SAN PABLO,2020-07-01,0
SAN PABLO,2020-08-01,0
SAN PABLO,2020-09-01,0
SAN PABLO,2020-10-01,0
SAN PABLO,2020-11-01,0
SAN PABLO,2020-12-01,0
SAN PABLO,2020-03-01,0
SAN ROMAN,2020-04-01,0
SAN ROMAN,2020-05-01,0
SAN ROMAN,2020-06-01,0
SAN ROMAN,2020-07-01,0
SAN ROMAN,2020-08-01,0
SAN ROMAN,2020-09-01,0
SAN ROMAN,2020-10-01,0
SAN ROMAN,2020-11-01,0
SAN ROMAN,2020-12-01,0
SAN ROMAN,2020-03-01,0
SANCHEZ CARRION,2020-04-01,0
SANCHEZ CARRION,2020-05-01,0
SANCHEZ CARRION,2020-06-01,0
SANCHEZ CARRION,2020-07-01,0
SANCHEZ CARRION,2020-08-01,0
SANCHEZ CARRION,2020-09-01,0
SANCHEZ CARRION,2020-10-01,0
SANCHEZ CARRION,2020-11-01,0
SANCHEZ CARRION,2020-12-01,0
SANCHEZ CARRION,2020-03-01,0
SANDIA,2020-04-01,11.824524062906468
SANDIA,2020-05-01,9.853770052422057
SANDIA,2020-06-01,29.56131015726617
SANDIA,2020-07-01,47.29809625162587
SANDIA,2020-08-01,206.9291711008632
SANDIA,2020-09-01,224.6659571952229
SANDIA,2020-10-01,72.91789838792322
SANDIA,2020-11-01,70.9471443774388
SANDIA,2020-12-01,33.502818178234996
SANDIA,2020-03-01,0
SANTA,2020-04-01,155.80291275725264
SANTA,2020-05-01,689.2959498126464
SANTA,2020-06-01,511.235478090072
SANTA,2020-07-01,455.0179322498262
SANTA,2020-08-01,619.9992198381393
SANTA,2020-09-01,446.2984761603186
SANTA,2020-10-01,384.11498667988354
SANTA,2020-11-01,259.2890889774602
SANTA,2020-12-01,360.93959023145567
SANTA,2020-03-01,2.7535124493181615
SANTA CRUZ,2020-04-01,0
SANTA CRUZ,2020-05-01,0
SANTA CRUZ,2020-06-01,0
SANTA CRUZ,2020-07-01,0
SANTA CRUZ,2020-08-01,0
SANTA CRUZ,2020-09-01,0
SANTA CRUZ,2020-10-01,0
SANTA CRUZ,2020-11-01,0
SANTA CRUZ,2020-12-01,0
SANTA CRUZ,2020-03-01,0
SANTIAGO DE CHUCO,2020-04-01,0
SANTIAGO DE CHUCO,2020-05-01,0
SANTIAGO DE CHUCO,2020-06-01,0
SANTIAGO DE CHUCO,2020-07-01,0
SANTIAGO DE CHUCO,2020-08-01,0
SANTIAGO DE CHUCO,2020-09-01,0
SANTIAGO DE CHUCO,2020-10-01,0
SANTIAGO DE CHUCO,2020-11-01,0
SANTIAGO DE CHUCO,2020-12-01,0
SANTIAGO DE CHUCO,2020-03-01,0
SATIPO,2020-04-01,12.255803122778635
SATIPO,2020-05-01,49.02321249111454
SATIPO,2020-06-01,77.45667573596097
SATIPO,2020-07-01,125.49942397725324
SATIPO,2020-08-01,448.0721621687869
SATIPO,2020-09-01,250.5086158295953
SATIPO,2020-10-01,428.95310929725224
SATIPO,2020-11-01,337.7699340637792
SATIPO,2020-12-01,276.0006863249749
SATIPO,2020-03-01,0
SECHURA,2020-04-01,35.36380514543365
SECHURA,2020-05-01,165.45208835899314
SECHURA,2020-06-01,210.9198378316935
SECHURA,2020-07-01,140.19222754082625
SECHURA,2020-08-01,174.29303964535154
SECHURA,2020-09-01,186.922970054435
SECHURA,2020-10-01,111.14338759993431
SECHURA,2020-11-01,138.9292344999179
SECHURA,2020-12-01,157.87413011354306
SECHURA,2020-03-01,1.2629930409083443
SIHUAS,2020-04-01,0
SIHUAS,2020-05-01,107.52289496125468
SIHUAS,2020-06-01,88.98446479552112
SIHUAS,2020-07-01,92.69215082866783
SIHUAS,2020-08-01,170.5535575247488
SIHUAS,2020-09-01,155.72281339216195
SIHUAS,2020-10-01,148.30744132586852
SIHUAS,2020-11-01,114.93826702754812
SIHUAS,2020-12-01,48.19991843090727
SIHUAS,2020-03-01,0
SUCRE,2020-04-01,0
SUCRE,2020-05-01,10.587612493382744
SUCRE,2020-06-01,10.587612493382744
SUCRE,2020-07-01,42.35044997353097
SUCRE,2020-08-01,148.22657490735838
SUCRE,2020-09-01,42.35044997353097
SUCRE,2020-10-01,74.11328745367919
SUCRE,2020-11-01,21.175224986765485
SUCRE,2020-12-01,21.175224986765485
SUCRE,2020-03-01,0
SULLANA,2020-04-01,93.43273806083724
SULLANA,2020-05-01,662.0560339568603
SULLANA,2020-06-01,768.0106853660573
SULLANA,2020-07-01,292.49905282963135
SULLANA,2020-08-01,483.2174253661857
SULLANA,2020-09-01,287.3618576097915
SULLANA,2020-10-01,195.5344930551542
SULLANA,2020-11-01,122.0083864711964
SULLANA,2020-12-01,79.30545120627765
SULLANA,2020-03-01,0.3210747012399905
TACNA,2020-04-01,39.16922082627471
TACNA,2020-05-01,106.083306404494
TACNA,2020-06-01,162.22585625548777
TACNA,2020-07-01,608.7549736750195
TACNA,2020-08-01,1786.4428798516792
TACNA,2020-09-01,921.7823301116648
TACNA,2020-10-01,271.5732643955047
TACNA,2020-11-01,286.26172220535767
TACNA,2020-12-01,217.06276541227237
TACNA,2020-03-01,0.6528203471045786
TAHUAMANU,2020-04-01,0
TAHUAMANU,2020-05-01,0
TAHUAMANU,2020-06-01,0
TAHUAMANU,2020-07-01,0
TAHUAMANU,2020-08-01,0
TAHUAMANU,2020-09-01,0
TAHUAMANU,2020-10-01,0
TAHUAMANU,2020-11-01,0
TAHUAMANU,2020-12-01,0
TAHUAMANU,2020-03-01,0
TALARA,2020-04-01,55.49774540409296
TALARA,2020-05-01,366.28511966701353
TALARA,2020-06-01,756.1567811307666
TALARA,2020-07-01,199.0981616371835
TALARA,2020-08-01,480.74921956295526
TALARA,2020-09-01,358.65417967395075
TALARA,2020-10-01,165.7995143947277
TALARA,2020-11-01,89.49011446409989
TALARA,2020-12-01,106.83315990287896
TALARA,2020-03-01,0
TAMBOPATA,2020-04-01,0
TAMBOPATA,2020-05-01,0
TAMBOPATA,2020-06-01,0
TAMBOPATA,2020-07-01,0
TAMBOPATA,2020-08-01,0
TAMBOPATA,2020-09-01,0
TAMBOPATA,2020-10-01,0
TAMBOPATA,2020-11-01,0
TAMBOPATA,2020-12-01,0
TAMBOPATA,2020-03-01,0
TARATA,2020-04-01,16.409583196586805
TARATA,2020-05-01,0
TARATA,2020-06-01,65.63833278634722
TARATA,2020-07-01,32.81916639317361
TARATA,2020-08-01,295.3724975385625
TARATA,2020-09-01,1476.8624876928127
TARATA,2020-10-01,180.50541516245488
TARATA,2020-11-01,114.86708237610765
TARATA,2020-12-01,114.86708237610765
TARATA,2020-03-01,0
TARMA,2020-04-01,42.41544815269561
TARMA,2020-05-01,108.27101238977563
TARMA,2020-06-01,59.158388212970195
TARMA,2020-07-01,154.03504855452618
TARMA,2020-08-01,427.50306953901105
TARMA,2020-09-01,251.14410090411877
TARMA,2020-10-01,187.52092867507537
TARMA,2020-11-01,78.1337202812814
TARMA,2020-12-01,70.32034825315326
TARMA,2020-03-01,0
TAYACAJA,2020-04-01,9.827647629694235
TAYACAJA,2020-05-01,31.93985479650627
TAYACAJA,2020-06-01,45.45287028733585
TAYACAJA,2020-07-01,175.6692013807845
TAYACAJA,2020-08-01,444.70105524366426
TAYACAJA,2020-09-01,398.0197290026166
TAYACAJA,2020-10-01,275.1741336314386
TAYACAJA,2020-11-01,31.93985479650627
TAYACAJA,2020-12-01,25.797575027947374
TAYACAJA,2020-03-01,0
TOCACHE,2020-04-01,0
TOCACHE,2020-05-01,0
TOCACHE,2020-06-01,0
TOCACHE,2020-07-01,0
TOCACHE,2020-08-01,0
TOCACHE,2020-09-01,0
TOCACHE,2020-10-01,0
TOCACHE,2020-11-01,0
TOCACHE,2020-12-01,0
TOCACHE,2020-03-01,0
TRUJILLO,2020-04-01,0
TRUJILLO,2020-05-01,0
TRUJILLO,2020-06-01,0
TRUJILLO,2020-07-01,0
TRUJILLO,2020-08-01,0
TRUJILLO,2020-09-01,0
TRUJILLO,2020-10-01,0
TRUJILLO,2020-11-01,0
TRUJILLO,2020-12-01,0
TRUJILLO,2020-03-01,0
TUMBES,2020-04-01,148.42348446715968
TUMBES,2020-05-01,370.4133916702159
TUMBES,2020-06-01,993.7920264322868
TUMBES,2020-07-01,755.0238122894646
TUMBES,2020-08-01,771.156799731547
TUMBES,2020-09-01,662.0978046230689
TUMBES,2020-10-01,401.38872755901446
TUMBES,2020-11-01,222.6352267007395
TUMBES,2020-12-01,197.46776629109073
TUMBES,2020-03-01,5.807875479149727
UCAYALI,2020-04-01,5.490784633124074
UCAYALI,2020-05-01,289.1813240112012
UCAYALI,2020-06-01,325.78655489869504
UCAYALI,2020-07-01,183.0261544374691
UCAYALI,2020-08-01,118.96700038435492
UCAYALI,2020-09-01,318.4655087211963
UCAYALI,2020-10-01,51.247323242491355
UCAYALI,2020-11-01,89.68281567435987
UCAYALI,2020-12-01,20.1328769881216
UCAYALI,2020-03-01,0
URUBAMBA,2020-04-01,18.11027511154283
URUBAMBA,2020-05-01,8.231943232519468
URUBAMBA,2020-06-01,31.28138428357398
URUBAMBA,2020-07-01,59.269991274140175
URUBAMBA,2020-08-01,350.68078170532937
URUBAMBA,2020-09-01,212.38413539900228
URUBAMBA,2020-10-01,80.67304367869079
URUBAMBA,2020-11-01,116.89359390177646
URUBAMBA,2020-12-01,27.988606990566193
URUBAMBA,2020-03-01,0
UTCUBAMBA,2020-04-01,45.693184255434225
UTCUBAMBA,2020-05-01,184.63776495053017
UTCUBAMBA,2020-06-01,510.0851385249494
UTCUBAMBA,2020-07-01,953.0292716133424
UTCUBAMBA,2020-08-01,830.8699422773856
UTCUBAMBA,2020-09-01,424.2938538004607
UTCUBAMBA,2020-10-01,279.754189318985
UTCUBAMBA,2020-11-01,139.8770946594925
UTCUBAMBA,2020-12-01,92.31888247526508
UTCUBAMBA,2020-03-01,0
VICTOR FAJARDO,2020-04-01,0
VICTOR FAJARDO,2020-05-01,0
VICTOR FAJARDO,2020-06-01,0
VICTOR FAJARDO,2020-07-01,0
VICTOR FAJARDO,2020-08-01,0
VICTOR FAJARDO,2020-09-01,0
VICTOR FAJARDO,2020-10-01,0
VICTOR FAJARDO,2020-11-01,0
VICTOR FAJARDO,2020-12-01,0
VICTOR FAJARDO,2020-03-01,0
VILCAS HUAMAN,2020-04-01,0
VILCAS HUAMAN,2020-05-01,0
VILCAS HUAMAN,2020-06-01,0
VILCAS HUAMAN,2020-07-01,0
VILCAS HUAMAN,2020-08-01,0
VILCAS HUAMAN,2020-09-01,0
VILCAS HUAMAN,2020-10-01,0
VILCAS HUAMAN,2020-11-01,0
VILCAS HUAMAN,2020-12-01,0
VILCAS HUAMAN,2020-03-01,0
VIRU,2020-04-01,0
VIRU,2020-05-01,0
VIRU,2020-06-01,0
VIRU,2020-07-01,0
VIRU,2020-08-01,0
VIRU,2020-09-01,0
VIRU,2020-10-01,0
VIRU,2020-11-01,0
VIRU,2020-12-01,0
VIRU,2020-03-01,0
YAROWILCA,2020-04-01,5.025883298989798
YAROWILCA,2020-05-01,20.10353319595919
YAROWILCA,2020-06-01,120.62119917575514
YAROWILCA,2020-07-01,175.9059154646429
YAROWILCA,2020-08-01,180.9317987636327
YAROWILCA,2020-09-01,105.54354927878576
YAROWILCA,2020-10-01,85.44001608282656
YAROWILCA,2020-11-01,40.20706639191838
YAROWILCA,2020-12-01,40.20706639191838
YAROWILCA,2020-03-01,0
YAULI,2020-04-01,71.79995048279277
YAULI,2020-05-01,264.91705867789057
YAULI,2020-06-01,366.4273334983907
YAULI,2020-07-01,465.4617479574152
YAULI,2020-08-01,695.7167615746472
YAULI,2020-09-01,643.7236939836594
YAULI,2020-10-01,163.40678385739045
YAULI,2020-11-01,106.46199554345137
YAULI,2020-12-01,128.74473879673187
YAULI,2020-03-01,0
YAUYOS,2020-04-01,34.208082881297955
YAUYOS,2020-05-01,97.73737966085127
YAUYOS,2020-06-01,141.71920050823437
YAUYOS,2020-07-01,293.2121389825539
YAUYOS,2020-08-01,136.83233152519182
YAUYOS,2020-09-01,190.58789033866003
YAUYOS,2020-10-01,195.47475932170255
YAUYOS,2020-11-01,29.321213898255387
YAUYOS,2020-12-01,29.321213898255387
YAUYOS,2020-03-01,0
YUNGAY,2020-04-01,5.900749395173187
YUNGAY,2020-05-01,35.40449637103912
YUNGAY,2020-06-01,51.13982809150095
YUNGAY,2020-07-01,108.1804055781751
YUNGAY,2020-08-01,226.19539348163883
YUNGAY,2020-09-01,123.91573729863693
YUNGAY,2020-10-01,167.18789952990696
YUNGAY,2020-11-01,80.64357506736688
YUNGAY,2020-12-01,49.172911626443224
YUNGAY,2020-03-01,0
YUNGUYO,2020-04-01,24.36449281247462
YUNGUYO,2020-05-01,24.36449281247462
YUNGUYO,2020-06-01,18.95016107636915
YUNGUYO,2020-07-01,48.72898562494924
YUNGUYO,2020-08-01,276.130918541379
YUNGUYO,2020-09-01,127.23679579847855
YUNGUYO,2020-10-01,121.8224640623731
YUNGUYO,2020-11-01,108.28663472210944
YUNGUYO,2020-12-01,67.67914670131839
YUNGUYO,2020-03-01,0
ZARUMILLA,2020-04-01,92.13004667922364
ZARUMILLA,2020-05-01,188.35476209974613
ZARUMILLA,2020-06-01,513.880927033003
ZARUMILLA,2020-07-01,380.8041929407911
ZARUMILLA,2020-08-01,517.9755957743018
ZARUMILLA,2020-09-01,767.7503889935305
ZARUMILLA,2020-10-01,337.8101711571534
ZARUMILLA,2020-11-01,219.06477765948733
ZARUMILLA,2020-12-01,79.84604045532717
ZARUMILLA,2020-03-01,8.189337482597658
